{
    "name": "root",
    "gauges": {
        "DuckTest.Policy.Entropy.mean": {
            "value": 1.3995310068130493,
            "min": 1.3995310068130493,
            "max": 1.4161105155944824,
            "count": 3
        },
        "DuckTest.Policy.Entropy.sum": {
            "value": 69969.5546875,
            "min": 69969.5546875,
            "max": 72646.46875,
            "count": 3
        },
        "DuckTest.Environment.EpisodeLength.mean": {
            "value": 121.59512195121951,
            "min": 86.04419889502762,
            "max": 121.59512195121951,
            "count": 3
        },
        "DuckTest.Environment.EpisodeLength.sum": {
            "value": 49854.0,
            "min": 46722.0,
            "max": 49854.0,
            "count": 3
        },
        "DuckTest.Step.mean": {
            "value": 149979.0,
            "min": 49979.0,
            "max": 149979.0,
            "count": 3
        },
        "DuckTest.Step.sum": {
            "value": 149979.0,
            "min": 49979.0,
            "max": 149979.0,
            "count": 3
        },
        "DuckTest.Policy.ExtrinsicValueEstimate.mean": {
            "value": -0.03162083402276039,
            "min": -0.035192932933568954,
            "max": 1.2634564638137817,
            "count": 3
        },
        "DuckTest.Policy.ExtrinsicValueEstimate.sum": {
            "value": -31.114900588989258,
            "min": -34.73542404174805,
            "max": 1319.048583984375,
            "count": 3
        },
        "DuckTest.Environment.CumulativeReward.mean": {
            "value": -1.0,
            "min": -1.0,
            "max": -0.9995348837139995,
            "count": 3
        },
        "DuckTest.Environment.CumulativeReward.sum": {
            "value": -410.0,
            "min": -542.0,
            "max": -410.0,
            "count": 3
        },
        "DuckTest.Policy.ExtrinsicReward.mean": {
            "value": -1.0,
            "min": -1.0,
            "max": -0.9995348837139995,
            "count": 3
        },
        "DuckTest.Policy.ExtrinsicReward.sum": {
            "value": -410.0,
            "min": -542.0,
            "max": -410.0,
            "count": 3
        },
        "DuckTest.Losses.PolicyLoss.mean": {
            "value": 0.02495807371412714,
            "min": 0.024594271441067878,
            "max": 0.02495807371412714,
            "count": 3
        },
        "DuckTest.Losses.PolicyLoss.sum": {
            "value": 0.1247903685706357,
            "min": 0.09837708576427151,
            "max": 0.1247903685706357,
            "count": 3
        },
        "DuckTest.Losses.ValueLoss.mean": {
            "value": 0.01781867293020089,
            "min": 0.01781867293020089,
            "max": 0.6836506094938765,
            "count": 3
        },
        "DuckTest.Losses.ValueLoss.sum": {
            "value": 0.08909336465100445,
            "min": 0.08909336465100445,
            "max": 2.734602437975506,
            "count": 3
        },
        "DuckTest.Policy.LearningRate.mean": {
            "value": 0.00026918356027215006,
            "min": 0.00026918356027215006,
            "max": 0.00029358262713912494,
            "count": 3
        },
        "DuckTest.Policy.LearningRate.sum": {
            "value": 0.0013459178013607502,
            "min": 0.0011743305085564998,
            "max": 0.0014101365299544998,
            "count": 3
        },
        "DuckTest.Policy.Epsilon.mean": {
            "value": 0.02821772000000001,
            "min": 0.021711300000000003,
            "max": 0.02821772000000001,
            "count": 3
        },
        "DuckTest.Policy.Epsilon.sum": {
            "value": 0.14108860000000004,
            "min": 0.08684520000000001,
            "max": 0.14108860000000004,
            "count": 3
        },
        "DuckTest.Policy.Beta.mean": {
            "value": 0.008973812215000002,
            "min": 0.008973812215000002,
            "max": 0.0097863014125,
            "count": 3
        },
        "DuckTest.Policy.Beta.sum": {
            "value": 0.04486906107500001,
            "min": 0.03914520565,
            "max": 0.04700754544999999,
            "count": 3
        },
        "DuckTest.IsTraining.mean": {
            "value": 1.0,
            "min": 1.0,
            "max": 1.0,
            "count": 3
        },
        "DuckTest.IsTraining.sum": {
            "value": 1.0,
            "min": 1.0,
            "max": 1.0,
            "count": 3
        }
    },
    "metadata": {
        "timer_format_version": "0.1.0",
        "start_time_seconds": "1707719733",
        "python_version": "3.9.13 (tags/v3.9.13:6de2ca5, May 17 2022, 16:36:42) [MSC v.1929 64 bit (AMD64)]",
        "command_line_arguments": "C:\\Users\\mrmjo\\Documents\\Unity Projects\\ML Agents\\MLAgentsVenv\\Scripts\\mlagents-learn configuration.yaml --run-id=gamma",
        "mlagents_version": "0.30.0",
        "mlagents_envs_version": "0.30.0",
        "communication_protocol_version": "1.5.0",
        "pytorch_version": "2.2.0+cpu",
        "numpy_version": "1.21.2",
        "end_time_seconds": "1707719851"
    },
    "total": 118.16380410000001,
    "count": 1,
    "self": 0.0055069999999943775,
    "children": {
        "run_training.setup": {
            "total": 0.09148790000000018,
            "count": 1,
            "self": 0.09148790000000018
        },
        "TrainerController.start_learning": {
            "total": 118.06680920000001,
            "count": 1,
            "self": 0.1245475999998007,
            "children": {
                "TrainerController._reset_env": {
                    "total": 11.788768300000001,
                    "count": 1,
                    "self": 11.788768300000001
                },
                "TrainerController.advance": {
                    "total": 106.0467765000002,
                    "count": 4438,
                    "self": 0.12336269999953231,
                    "children": {
                        "env_step": {
                            "total": 58.49987960000053,
                            "count": 4438,
                            "self": 54.4037095000002,
                            "children": {
                                "SubprocessEnvManager._take_step": {
                                    "total": 4.02096379999969,
                                    "count": 4438,
                                    "self": 0.34051399999922793,
                                    "children": {
                                        "TorchPolicy.evaluate": {
                                            "total": 3.6804498000004617,
                                            "count": 3454,
                                            "self": 3.6804498000004617
                                        }
                                    }
                                },
                                "workers": {
                                    "total": 0.07520630000064621,
                                    "count": 4437,
                                    "self": 0.0,
                                    "children": {
                                        "worker_root": {
                                            "total": 106.11352290000035,
                                            "count": 4437,
                                            "is_parallel": true,
                                            "self": 63.047301300000015,
                                            "children": {
                                                "steps_from_proto": {
                                                    "total": 0.0010677000000001158,
                                                    "count": 1,
                                                    "is_parallel": true,
                                                    "self": 0.00019880000000149778,