{
    "name": "root",
    "gauges": {
        "DuckTest.Policy.Entropy.mean": {
            "value": 1.3256434202194214,
            "min": 1.3256434202194214,
            "max": 1.4141929149627686,
            "count": 24
        },
        "DuckTest.Policy.Entropy.sum": {
            "value": 66215.890625,
            "min": 66043.234375,
            "max": 72293.5390625,
            "count": 24
        },
        "DuckTest.Environment.EpisodeLength.mean": {
            "value": 6675.5,
            "min": 108.82775119617224,
            "max": 6675.5,
            "count": 21
        },
        "DuckTest.Environment.EpisodeLength.sum": {
            "value": 13351.0,
            "min": 230.0,
            "max": 61601.0,
            "count": 21
        },
        "DuckTest.Step.mean": {
            "value": 1199993.0,
            "min": 49940.0,
            "max": 1199993.0,
            "count": 24
        },
        "DuckTest.Step.sum": {
            "value": 1199993.0,
            "min": 49940.0,
            "max": 1199993.0,
            "count": 24
        },
        "DuckTest.Policy.ExtrinsicValueEstimate.mean": {
            "value": -0.00015475507825613022,
            "min": -0.3024672865867615,
            "max": 0.03817390277981758,
            "count": 24
        },
        "DuckTest.Policy.ExtrinsicValueEstimate.sum": {
            "value": -0.12101846933364868,
            "min": -289.763671875,
            "max": 37.52494812011719,
            "count": 24
        },
        "DuckTest.Environment.CumulativeReward.mean": {
            "value": -0.6999999955296516,
            "min": -1.0,
            "max": -0.27272726595401764,
            "count": 21
        },
        "DuckTest.Environment.CumulativeReward.sum": {
            "value": -1.3999999910593033,
            "min": -418.0,
            "max": -0.6000000089406967,
            "count": 21
        },
        "DuckTest.Policy.ExtrinsicReward.mean": {
            "value": -0.6999999955296516,
            "min": -1.0,
            "max": -0.27272726595401764,
            "count": 21
        },
        "DuckTest.Policy.ExtrinsicReward.sum": {
            "value": -1.3999999910593033,
            "min": -418.0,
            "max": -0.6000000089406967,
            "count": 21
        },
        "DuckTest.Losses.PolicyLoss.mean": {
            "value": 0.021574089815840126,
            "min": 0.020291124045227964,
            "max": 0.026598918200470507,
            "count": 24
        },
        "DuckTest.Losses.PolicyLoss.sum": {
            "value": 0.10787044907920063,
            "min": 0.09351691077463328,
            "max": 0.13299459100235253,
            "count": 24
        },
        "DuckTest.Losses.ValueLoss.mean": {
            "value": 8.396953535945308e-05,
            "min": 8.396953535945308e-05,
            "max": 0.07644690557693443,
            "count": 24
        },
        "DuckTest.Losses.ValueLoss.sum": {
            "value": 0.0004198476767972654,
            "min": 0.0004198476767972654,
            "max": 0.3057876223077377,
            "count": 24
        },
        "DuckTest.Policy.LearningRate.mean": {
            "value": 6.293047902349998e-06,
            "min": 6.293047902349998e-06,
            "max": 0.00029349275216908327,
            "count": 24
        },
        "DuckTest.Policy.LearningRate.sum": {
            "value": 3.146523951174999e-05,
            "min": 3.146523951174999e-05,
            "max": 0.0014096117801294166,
            "count": 24
        },
        "DuckTest.Policy.Epsilon.mean": {
            "value": 0.10209765,
            "min": 0.10209765,
            "max": 0.19783091666666666,
            "count": 24
        },
        "DuckTest.Policy.Epsilon.sum": {
            "value": 0.51048825,
            "min": 0.458272,
            "max": 0.9698705833333332,
            "count": 24
        },
        "DuckTest.Policy.Beta.mean": {
            "value": 0.00011467273499999998,
            "min": 0.00011467273499999998,
            "max": 0.0048917627416666665,
            "count": 24
        },
        "DuckTest.Policy.Beta.sum": {
            "value": 0.0005733636749999999,
            "min": 0.0005733636749999999,
            "max": 0.023496542108333334,
            "count": 24
        },
        "DuckTest.IsTraining.mean": {
            "value": 1.0,
            "min": 1.0,
            "max": 1.0,
            "count": 24
        },
        "DuckTest.IsTraining.sum": {
            "value": 1.0,
            "min": 1.0,
            "max": 1.0,
            "count": 24
        }
    },
    "metadata": {
        "timer_format_version": "0.1.0",
        "start_time_seconds": "1707712720",
        "python_version": "3.9.13 (tags/v3.9.13:6de2ca5, May 17 2022, 16:36:42) [MSC v.1929 64 bit (AMD64)]",
        "command_line_arguments": "C:\\Users\\mrmjo\\Documents\\Unity Projects\\ML Agents\\MLAgentsVenv\\Scripts\\mlagents-learn configuration.yaml --run-id=Default --force",
        "mlagents_version": "0.30.0",
        "mlagents_envs_version": "0.30.0",
        "communication_protocol_version": "1.5.0",
        "pytorch_version": "2.2.0+cpu",
        "numpy_version": "1.21.2",
        "end_time_seconds": "1707713621"
    },
    "total": 900.7070592,
    "count": 1,
    "self": 0.009472499999901629,
    "children": {
        "run_training.setup": {
            "total": 0.10495229999999989,
            "count": 1,
            "self": 0.10495229999999989
        },
        "TrainerController.start_learning": {
            "total": 900.5926344000001,
            "count": 1,
            "self": 0.8299409999992804,
            "children": {
                "TrainerController._reset_env": {
                    "total": 11.813329,
                    "count": 1,
                    "self": 11.813329
                },
                "TrainerController.advance": {
                    "total": 887.8911253000008,
                    "count": 27677,
                    "self": 0.796956999998315,
                    "children": {
                        "env_step": {
                            "total": 525.0188564000049,
                            "count": 27677,
                            "self": 492.97040459999596,
                            "children": {
                                "SubprocessEnvManager._take_step": {
                                    "total": 31.587757100006925,
                                    "count": 27677,
                                    "self": 2.6580387000097865,
                                    "children": {
                                        "TorchPolicy.evaluate": {
                                            "total": 28.92971839999714,
                                            "count": 26695,
                                            "self": 28.92971839999714
                                        }
                                    }
                                },
                                "workers": {
                                    "total": 0.46069470000200496,
                                    "count": 27677,
                                    "self": 0.0,
                                    "children": {
                                        "worker_root": {
                                            "total": 888.9908233999948,
                                            "count": 27677,
                                            "is_parallel": true,
                                            "self": 472.0017624000108,
                                            "children": {
                                                "steps_from_proto": {
                                                    "total": 0.0010223000000006977,
                                                    "count": 1,
                                                    "is_parallel": true,
                                                    "self": 0.00018999999999991246,